{"dataset_size": 3619840, "e0": 179789.38126564026, "e1": 179146.83604240417}