{"dataset_size": 16000000, "e0": 2805935.6446266174, "e1": 2799544.65842247, "e2": 2799143.866300583, "e3": 2799124.3064403534, "e4": 2799614.308357239, "e5": 2799125.21982193, "e6": 2799040.0006771088, "e7": 2800251.021385193, "e8": 2799909.4269275665, "e9": 2799037.302017212, "e10": 2800148.2288837433, "e11": 2799211.263656616, "e12": 2800015.285015106, "e13": 2802300.8596897125, "e14": 2799792.0138835907, "e15": 2800189.3305778503}